<?xml version="1.0" encoding="ISO-8859-1"?><pnml>
<net id="Net-One" type="P/T net">
<labels x="769" y="409" width="81" height="27" border="true">
<text>Consumers</text>
</labels>
<labels x="259" y="409" width="81" height="27" border="true">
<text>Producer</text>
</labels>
<labels x="529" y="409" width="81" height="27" border="true">
<text>Storage</text>
</labels>
<place id="P0">
<graphics>
<position x="315.0" y="375.0"/>
</graphics>
<name>
<value>idle</value>
<graphics>
<offset x="-22.0" y="16.0"/>
</graphics>
</name>
<place-transitiontype>
<value>D</value>
</place-transitiontype>
<showLabel>
<position1>1</position1>
<position2>0</position2>
<position3>0</position3>
</showLabel>
<scale>
<value>1.0</value>
</scale>
<initialMarking>
<value>2.0</value>
<graphics>
<offset x="0.0" y="0.0"/>
</graphics>
</initialMarking>
<capacity>
<value>2.0</value>
</capacity>
</place>
<place id="P1">
<graphics>
<position x="315.0" y="164.0"/>
</graphics>
<name>
<value>ready</value>
<graphics>
<offset x="-34.0" y="-18.0"/>
</graphics>
</name>
<place-transitiontype>
<value>D</value>
</place-transitiontype>
<showLabel>
<position1>1</position1>
<position2>0</position2>
<position3>0</position3>
</showLabel>
<scale>
<value>1.0</value>
</scale>
<initialMarking>
<value>0.0</value>
<graphics>
<offset x="0.0" y="0.0"/>
</graphics>
</initialMarking>
<capacity>
<value>2.0</value>
</capacity>
</place>
<place id="P2">
<graphics>
<position x="585.0" y="255.0"/>
</graphics>
<name>
<value>Storage</value>
<graphics>
<offset x="-2.0" y="-35.0"/>
</graphics>
</name>
<place-transitiontype>
<value>D</value>
</place-transitiontype>
<showLabel>
<position1>1</position1>
<position2>0</position2>
<position3>0</position3>
</showLabel>
<scale>
<value>1.25</value>
</scale>
<initialMarking>
<value>0.0</value>
<graphics>
<offset x="0.0" y="0.0"/>
</graphics>
</initialMarking>
<capacity>
<value>10.0</value>
</capacity>
</place>
<place id="P3">
<graphics>
<position x="825.0" y="165.0"/>
</graphics>
<name>
<value>accepted</value>
<graphics>
<offset x="45.0" y="-15.0"/>
</graphics>
</name>
<place-transitiontype>
<value>D</value>
</place-transitiontype>
<showLabel>
<position1>1</position1>
<position2>0</position2>
<position3>0</position3>
</showLabel>
<scale>
<value>1.0</value>
</scale>
<initialMarking>
<value>0.0</value>
<graphics>
<offset x="0.0" y="0.0"/>
</graphics>
</initialMarking>
<capacity>
<value>1.0</value>
</capacity>
</place>
<place id="P4">
<graphics>
<position x="825.0" y="375.0"/>
</graphics>
<name>
<value>ready</value>
<graphics>
<offset x="48.0" y="0.0"/>
</graphics>
</name>
<place-transitiontype>
<value>D</value>
</place-transitiontype>
<showLabel>
<position1>1</position1>
<position2>0</position2>
<position3>0</position3>
</showLabel>
<scale>
<value>1.0</value>
</scale>
<initialMarking>
<value>1.0</value>
<graphics>
<offset x="0.0" y="0.0"/>
</graphics>
</initialMarking>
<capacity>
<value>1.0</value>
</capacity>
</place>
<transition id="T0">
<graphics>
<position x="205.0" y="255.0"/>
</graphics>
<name>
<value>produce</value>
<graphics>
<offset x="-39.0" y="5.0"/>
</graphics>
</name>
<place-transitiontype>
<value>D</value>
</place-transitiontype>
<showLabel>
<position1>1</position1>
<position2>0</position2>
<position3>0</position3>
</showLabel>
<scale>
<value>1.0</value>
</scale>
<angle>
<value>0</value>
</angle>
<firingDelay>
<value>-1.0</value>
<graphics/>
</firingDelay>
<firingFunction>
<value/>
<graphics/>
</firingFunction>
</transition>
<transition id="T1">
<graphics>
<position x="445.0" y="255.0"/>
</graphics>
<name>
<value>send</value>
<graphics>
<offset x="14.0" y="29.0"/>
</graphics>
</name>
<place-transitiontype>
<value>D</value>
</place-transitiontype>
<showLabel>
<position1>1</position1>
<position2>0</position2>
<position3>0</position3>
</showLabel>
<scale>
<value>1.0</value>
</scale>
<angle>
<value>0</value>
</angle>
<firingDelay>
<value>-1.0</value>
<graphics/>
</firingDelay>
<firingFunction>
<value/>
<graphics/>
</firingFunction>
</transition>
<transition id="T2">
<graphics>
<position x="715.0" y="255.0"/>
</graphics>
<name>
<value>accept</value>
<graphics>
<offset x="0.0" y="30.0"/>
</graphics>
</name>
<place-transitiontype>
<value>D</value>
</place-transitiontype>
<showLabel>
<position1>1</position1>
<position2>0</position2>
<position3>0</position3>
</showLabel>
<scale>
<value>1.0</value>
</scale>
<angle>
<value>0</value>
</angle>
<firingDelay>
<value>-1.0</value>
<graphics/>
</firingDelay>
<firingFunction>
<value/>
<graphics/>
</firingFunction>
</transition>
<transition id="T3">
<graphics>
<position x="955.0" y="255.0"/>
</graphics>
<name>
<value>consume</value>
<graphics>
<offset x="38.0" y="-1.0"/>
</graphics>
</name>
<place-transitiontype>
<value>D</value>
</place-transitiontype>
<showLabel>
<position1>1</position1>
<position2>0</position2>
<position3>0</position3>
</showLabel>
<scale>
<value>1.0</value>
</scale>
<angle>
<value>0</value>
</angle>
<firingDelay>
<value>-1.0</value>
<graphics/>
</firingDelay>
<firingFunction>
<value/>
<graphics/>
</firingFunction>
</transition>
<arc id="P0 to T0" source="P0" target="T0">
<arctype>
<value>N</value>
</arctype>
<showLabel>
<position1>0</position1>
<position2>0</position2>
<position3>0</position3>
</showLabel>
<graphics/>
<inscription>
<value>1.0</value>
<graphics/>
</inscription>
<arcpath id="000" x="315" y="375" curvePoint="false"/>
<arcpath id="001" x="210" y="271" curvePoint="false"/>
</arc>
<arc id="P1 to T1" source="P1" target="T1">
<arctype>
<value>N</value>
</arctype>
<showLabel>
<position1>0</position1>
<position2>0</position2>
<position3>0</position3>
</showLabel>
<graphics/>
<inscription>
<value>1.0</value>
<graphics/>
</inscription>
<arcpath id="000" x="338" y="183" curvePoint="false"/>
<arcpath id="001" x="441" y="261" curvePoint="false"/>
</arc>
<arc id="P2 to T2" source="P2" target="T2">
<arctype>
<value>N</value>
</arctype>
<showLabel>
<position1>0</position1>
<position2>1</position2>
<position3>0</position3>
</showLabel>
<graphics/>
<inscription>
<value>6.0</value>
<graphics>
<position x="656.0" y="266.5"/>
</graphics>
</inscription>
<arcpath id="000" x="617" y="268" curvePoint="false"/>
<arcpath id="001" x="710" y="266" curvePoint="false"/>
</arc>
<arc id="P3 to T3" source="P3" target="T3">
<arctype>
<value>N</value>
</arctype>
<showLabel>
<position1>0</position1>
<position2>0</position2>
<position3>0</position3>
</showLabel>
<graphics/>
<inscription>
<value>1.0</value>
<graphics/>
</inscription>
<arcpath id="000" x="848" y="184" curvePoint="false"/>
<arcpath id="001" x="951" y="261" curvePoint="false"/>
</arc>
<arc id="P4 to T2" source="P4" target="T2">
<arctype>
<value>N</value>
</arctype>
<showLabel>
<position1>0</position1>
<position2>0</position2>
<position3>0</position3>
</showLabel>
<graphics/>
<inscription>
<value>1.0</value>
<graphics/>
</inscription>
<arcpath id="000" x="825" y="375" curvePoint="false"/>
<arcpath id="001" x="720" y="271" curvePoint="false"/>
</arc>
<arc id="T0 to P1" source="T0" target="P1">
<arctype>
<value>N</value>
</arctype>
<showLabel>
<position1>0</position1>
<position2>0</position2>
<position3>0</position3>
</showLabel>
<graphics/>
<inscription>
<value>1.0</value>
<graphics/>
</inscription>
<arcpath id="000" x="211" y="261" curvePoint="false"/>
<arcpath id="001" x="314" y="184" curvePoint="false"/>
</arc>
<arc id="T1 to P0" source="T1" target="P0">
<arctype>
<value>N</value>
</arctype>
<showLabel>
<position1>0</position1>
<position2>0</position2>
<position3>0</position3>
</showLabel>
<graphics/>
<inscription>
<value>1.0</value>
<graphics/>
</inscription>
<arcpath id="000" x="440" y="271" curvePoint="false"/>
<arcpath id="001" x="336" y="375" curvePoint="false"/>
</arc>
<arc id="T1 to P2" source="T1" target="P2">
<arctype>
<value>N</value>
</arctype>
<showLabel>
<position1>0</position1>
<position2>1</position2>
<position3>0</position3>
</showLabel>
<graphics/>
<inscription>
<value>3.0</value>
<graphics>
<position x="511.0" y="266.5"/>
</graphics>
</inscription>
<arcpath id="000" x="450" y="266" curvePoint="false"/>
<arcpath id="001" x="580" y="268" curvePoint="false"/>
</arc>
<arc id="T2 to P3" source="T2" target="P3">
<arctype>
<value>N</value>
</arctype>
<showLabel>
<position1>0</position1>
<position2>0</position2>
<position3>0</position3>
</showLabel>
<graphics/>
<inscription>
<value>1.0</value>
<graphics/>
</inscription>
<arcpath id="000" x="721" y="261" curvePoint="false"/>
<arcpath id="001" x="823" y="184" curvePoint="false"/>
</arc>
<arc id="T3 to P4" source="T3" target="P4">
<arctype>
<value>N</value>
</arctype>
<showLabel>
<position1>0</position1>
<position2>0</position2>
<position3>0</position3>
</showLabel>
<graphics/>
<inscription>
<value>1.0</value>
<graphics/>
</inscription>
<arcpath id="000" x="950" y="271" curvePoint="false"/>
<arcpath id="001" x="846" y="375" curvePoint="false"/>
</arc>
</net>
</pnml>
