<?xml version="1.0" encoding="ISO-8859-1"?><pnml>
<net id="Net-One" type="P/T net">
<labels x="774" y="414" width="80" height="26" border="true">
<text>Consumers</text>
</labels>
<labels x="25" y="132" width="80" height="26" border="true">
<text>Producer 1</text>
</labels>
<labels x="13" y="500" width="81" height="23" border="true">
<text>Producer 2</text>
</labels>
<labels x="534" y="414" width="80" height="26" border="true">
<text>Storage</text>
</labels>
<labels x="149" y="330" width="83" height="23" border="true">
<text>Synch Flag</text>
</labels>
<place id="P0">
<graphics>
<position x="314.0" y="268.0"/>
</graphics>
<name>
<value>idle</value>
<graphics>
<offset x="-22.0" y="16.0"/>
</graphics>
</name>
<place-transitiontype>
<value>D</value>
</place-transitiontype>
<showLabel>
<position1>1</position1>
<position2>0</position2>
<position3>0</position3>
</showLabel>
<scale>
<value>1.0</value>
</scale>
<initialMarking>
<value>1.0</value>
<graphics>
<offset x="0.0" y="0.0"/>
</graphics>
</initialMarking>
<capacity>
<value>1.0</value>
</capacity>
</place>
<place id="P1">
<graphics>
<position x="314.0" y="58.0"/>
</graphics>
<name>
<value>ready</value>
<graphics>
<offset x="-34.0" y="-18.0"/>
</graphics>
</name>
<place-transitiontype>
<value>D</value>
</place-transitiontype>
<showLabel>
<position1>1</position1>
<position2>0</position2>
<position3>0</position3>
</showLabel>
<scale>
<value>1.0</value>
</scale>
<initialMarking>
<value>0.0</value>
<graphics>
<offset x="0.0" y="0.0"/>
</graphics>
</initialMarking>
<capacity>
<value>1.0</value>
</capacity>
</place>
<place id="P2">
<graphics>
<position x="581.0" y="251.0"/>
</graphics>
<name>
<value>Storage</value>
<graphics>
<offset x="2.0" y="-31.0"/>
</graphics>
</name>
<place-transitiontype>
<value>D</value>
</place-transitiontype>
<showLabel>
<position1>1</position1>
<position2>0</position2>
<position3>0</position3>
</showLabel>
<scale>
<value>1.25</value>
</scale>
<initialMarking>
<value>0.0</value>
<graphics>
<offset x="0.0" y="0.0"/>
</graphics>
</initialMarking>
<capacity>
<value>10.0</value>
</capacity>
</place>
<place id="P3">
<graphics>
<position x="825.0" y="165.0"/>
</graphics>
<name>
<value>accepted</value>
<graphics>
<offset x="45.0" y="-15.0"/>
</graphics>
</name>
<place-transitiontype>
<value>D</value>
</place-transitiontype>
<showLabel>
<position1>1</position1>
<position2>0</position2>
<position3>0</position3>
</showLabel>
<scale>
<value>1.0</value>
</scale>
<initialMarking>
<value>0.0</value>
<graphics>
<offset x="0.0" y="0.0"/>
</graphics>
</initialMarking>
<capacity>
<value>3.0</value>
</capacity>
</place>
<place id="P4">
<graphics>
<position x="825.0" y="375.0"/>
</graphics>
<name>
<value>ready</value>
<graphics>
<offset x="48.0" y="0.0"/>
</graphics>
</name>
<place-transitiontype>
<value>D</value>
</place-transitiontype>
<showLabel>
<position1>1</position1>
<position2>0</position2>
<position3>0</position3>
</showLabel>
<scale>
<value>1.0</value>
</scale>
<initialMarking>
<value>3.0</value>
<graphics>
<offset x="0.0" y="0.0"/>
</graphics>
</initialMarking>
<capacity>
<value>3.0</value>
</capacity>
</place>
<place id="P5">
<graphics>
<position x="315.0" y="405.0"/>
</graphics>
<name>
<value>P5</value>
<graphics>
<offset x="-15.0" y="15.0"/>
</graphics>
</name>
<place-transitiontype>
<value>D</value>
</place-transitiontype>
<showLabel>
<position1>1</position1>
<position2>0</position2>
<position3>0</position3>
</showLabel>
<scale>
<value>1.0</value>
</scale>
<initialMarking>
<value>0.0</value>
<graphics>
<offset x="0.0" y="0.0"/>
</graphics>
</initialMarking>
<capacity>
<value>0.0</value>
</capacity>
</place>
<place id="P6">
<graphics>
<position x="315.0" y="615.0"/>
</graphics>
<name>
<value>P6</value>
<graphics>
<offset x="-15.0" y="15.0"/>
</graphics>
</name>
<place-transitiontype>
<value>D</value>
</place-transitiontype>
<showLabel>
<position1>1</position1>
<position2>0</position2>
<position3>0</position3>
</showLabel>
<scale>
<value>1.0</value>
</scale>
<initialMarking>
<value>1.0</value>
<graphics>
<offset x="0.0" y="0.0"/>
</graphics>
</initialMarking>
<capacity>
<value>0.0</value>
</capacity>
</place>
<place id="P7">
<graphics>
<position x="315.0" y="345.0"/>
</graphics>
<name>
<value>P7</value>
<graphics>
<offset x="-15.0" y="15.0"/>
</graphics>
</name>
<place-transitiontype>
<value>D</value>
</place-transitiontype>
<showLabel>
<position1>1</position1>
<position2>0</position2>
<position3>0</position3>
</showLabel>
<scale>
<value>1.0</value>
</scale>
<initialMarking>
<value>1.0</value>
<graphics>
<offset x="0.0" y="0.0"/>
</graphics>
</initialMarking>
<capacity>
<value>0.0</value>
</capacity>
</place>
<transition id="T0">
<graphics>
<position x="204.0" y="148.0"/>
</graphics>
<name>
<value>produce</value>
<graphics>
<offset x="-39.0" y="5.0"/>
</graphics>
</name>
<place-transitiontype>
<value>D</value>
</place-transitiontype>
<showLabel>
<position1>1</position1>
<position2>0</position2>
<position3>0</position3>
</showLabel>
<scale>
<value>1.0</value>
</scale>
<angle>
<value>0</value>
</angle>
<firingDelay>
<value>-1.0</value>
<graphics/>
</firingDelay>
<firingFunction>
<value/>
<graphics/>
</firingFunction>
</transition>
<transition id="T1">
<graphics>
<position x="444.0" y="148.0"/>
</graphics>
<name>
<value>send</value>
<graphics>
<offset x="14.0" y="29.0"/>
</graphics>
</name>
<place-transitiontype>
<value>D</value>
</place-transitiontype>
<showLabel>
<position1>1</position1>
<position2>0</position2>
<position3>0</position3>
</showLabel>
<scale>
<value>1.0</value>
</scale>
<angle>
<value>0</value>
</angle>
<firingDelay>
<value>-1.0</value>
<graphics/>
</firingDelay>
<firingFunction>
<value/>
<graphics/>
</firingFunction>
</transition>
<transition id="T2">
<graphics>
<position x="715.0" y="255.0"/>
</graphics>
<name>
<value>accept</value>
<graphics>
<offset x="0.0" y="30.0"/>
</graphics>
</name>
<place-transitiontype>
<value>D</value>
</place-transitiontype>
<showLabel>
<position1>1</position1>
<position2>0</position2>
<position3>0</position3>
</showLabel>
<scale>
<value>1.0</value>
</scale>
<angle>
<value>0</value>
</angle>
<firingDelay>
<value>-1.0</value>
<graphics/>
</firingDelay>
<firingFunction>
<value/>
<graphics/>
</firingFunction>
</transition>
<transition id="T3">
<graphics>
<position x="955.0" y="255.0"/>
</graphics>
<name>
<value>consume</value>
<graphics>
<offset x="38.0" y="-1.0"/>
</graphics>
</name>
<place-transitiontype>
<value>D</value>
</place-transitiontype>
<showLabel>
<position1>1</position1>
<position2>0</position2>
<position3>0</position3>
</showLabel>
<scale>
<value>1.0</value>
</scale>
<angle>
<value>0</value>
</angle>
<firingDelay>
<value>-1.0</value>
<graphics/>
</firingDelay>
<firingFunction>
<value/>
<graphics/>
</firingFunction>
</transition>
<transition id="T4">
<graphics>
<position x="205.0" y="525.0"/>
</graphics>
<name>
<value>T4</value>
<graphics/>
</name>
<place-transitiontype>
<value>D</value>
</place-transitiontype>
<showLabel>
<position1>0</position1>
<position2>0</position2>
<position3>0</position3>
</showLabel>
<scale>
<value>1.0</value>
</scale>
<angle>
<value>0</value>
</angle>
<firingDelay>
<value>-1.0</value>
<graphics/>
</firingDelay>
<firingFunction>
<value/>
<graphics/>
</firingFunction>
</transition>
<transition id="T5">
<graphics>
<position x="445.0" y="525.0"/>
</graphics>
<name>
<value>T5</value>
<graphics/>
</name>
<place-transitiontype>
<value>D</value>
</place-transitiontype>
<showLabel>
<position1>0</position1>
<position2>0</position2>
<position3>0</position3>
</showLabel>
<scale>
<value>1.0</value>
</scale>
<angle>
<value>0</value>
</angle>
<firingDelay>
<value>-1.0</value>
<graphics/>
</firingDelay>
<firingFunction>
<value/>
<graphics/>
</firingFunction>
</transition>
<arc id="P0 to T0" source="P0" target="T0">
<arctype>
<value>N</value>
</arctype>
<showLabel>
<position1>0</position1>
<position2>0</position2>
<position3>0</position3>
</showLabel>
<graphics/>
<inscription>
<value>1.0</value>
<graphics/>
</inscription>
<arcpath id="000" x="314" y="268" curvePoint="false"/>
<arcpath id="001" x="209" y="164" curvePoint="false"/>
</arc>
<arc id="P1 to T1" source="P1" target="T1">
<arctype>
<value>N</value>
</arctype>
<showLabel>
<position1>0</position1>
<position2>0</position2>
<position3>0</position3>
</showLabel>
<graphics/>
<inscription>
<value>1.0</value>
<graphics/>
</inscription>
<arcpath id="000" x="337" y="77" curvePoint="false"/>
<arcpath id="001" x="440" y="152" curvePoint="false"/>
</arc>
<arc id="P2 to T2" source="P2" target="T2">
<arctype>
<value>N</value>
</arctype>
<showLabel>
<position1>0</position1>
<position2>1</position2>
<position3>0</position3>
</showLabel>
<graphics/>
<inscription>
<value>3.0</value>
<graphics>
<position x="656.0" y="266.5"/>
</graphics>
</inscription>
<arcpath id="000" x="613" y="265" curvePoint="false"/>
<arcpath id="001" x="710" y="266" curvePoint="false"/>
</arc>
<arc id="P3 to T3" source="P3" target="T3">
<arctype>
<value>N</value>
</arctype>
<showLabel>
<position1>0</position1>
<position2>0</position2>
<position3>0</position3>
</showLabel>
<graphics/>
<inscription>
<value>1.0</value>
<graphics/>
</inscription>
<arcpath id="000" x="848" y="184" curvePoint="false"/>
<arcpath id="001" x="951" y="261" curvePoint="false"/>
</arc>
<arc id="P4 to T2" source="P4" target="T2">
<arctype>
<value>N</value>
</arctype>
<showLabel>
<position1>0</position1>
<position2>0</position2>
<position3>0</position3>
</showLabel>
<graphics/>
<inscription>
<value>1.0</value>
<graphics/>
</inscription>
<arcpath id="000" x="825" y="375" curvePoint="false"/>
<arcpath id="001" x="720" y="271" curvePoint="false"/>
</arc>
<arc id="P5 to T5" source="P5" target="T5">
<arctype>
<value>N</value>
</arctype>
<showLabel>
<position1>0</position1>
<position2>0</position2>
<position3>0</position3>
</showLabel>
<graphics/>
<inscription>
<value>1.0</value>
<graphics/>
</inscription>
<arcpath id="000" x="336" y="426" curvePoint="false"/>
<arcpath id="001" x="440" y="536" curvePoint="false"/>
</arc>
<arc id="P6 to T4" source="P6" target="T4">
<arctype>
<value>N</value>
</arctype>
<showLabel>
<position1>0</position1>
<position2>0</position2>
<position3>0</position3>
</showLabel>
<graphics/>
<inscription>
<value>1.0</value>
<graphics/>
</inscription>
<arcpath id="000" x="313" y="617" curvePoint="false"/>
<arcpath id="001" x="210" y="541" curvePoint="false"/>
</arc>
<arc id="P7 to T1" source="P7" target="T1">
<arctype>
<value>N</value>
</arctype>
<showLabel>
<position1>0</position1>
<position2>0</position2>
<position3>0</position3>
</showLabel>
<graphics/>
<inscription>
<value>1.0</value>
<graphics/>
</inscription>
<arcpath id="000" x="333" y="343" curvePoint="false"/>
<arcpath id="001" x="439" y="167" curvePoint="false"/>
</arc>
<arc id="P7 to T5" source="P7" target="T5">
<arctype>
<value>N</value>
</arctype>
<showLabel>
<position1>0</position1>
<position2>0</position2>
<position3>0</position3>
</showLabel>
<graphics/>
<inscription>
<value>1.0</value>
<graphics/>
</inscription>
<arcpath id="000" x="334" y="368" curvePoint="false"/>
<arcpath id="001" x="441" y="529" curvePoint="false"/>
</arc>
<arc id="T0 to P1" source="T0" target="P1">
<arctype>
<value>N</value>
</arctype>
<showLabel>
<position1>0</position1>
<position2>0</position2>
<position3>0</position3>
</showLabel>
<graphics/>
<inscription>
<value>1.0</value>
<graphics/>
</inscription>
<arcpath id="000" x="210" y="154" curvePoint="false"/>
<arcpath id="001" x="312" y="77" curvePoint="false"/>
</arc>
<arc id="T1 to P0" source="T1" target="P0">
<arctype>
<value>N</value>
</arctype>
<showLabel>
<position1>0</position1>
<position2>0</position2>
<position3>0</position3>
</showLabel>
<graphics/>
<inscription>
<value>1.0</value>
<graphics/>
</inscription>
<arcpath id="000" x="439" y="159" curvePoint="false"/>
<arcpath id="001" x="335" y="268" curvePoint="false"/>
</arc>
<arc id="T1 to P2" source="T1" target="P2">
<arctype>
<value>N</value>
</arctype>
<showLabel>
<position1>0</position1>
<position2>1</position2>
<position3>0</position3>
</showLabel>
<graphics/>
<inscription>
<value>3.0</value>
<graphics>
<position x="510.0" y="159.5"/>
</graphics>
</inscription>
<arcpath id="000" x="449" y="159" curvePoint="false"/>
<arcpath id="001" x="579" y="253" curvePoint="false"/>
</arc>
<arc id="T1 to P7" source="T1" target="P7">
<arctype>
<value>N</value>
</arctype>
<showLabel>
<position1>0</position1>
<position2>0</position2>
<position3>0</position3>
</showLabel>
<graphics/>
<inscription>
<value>1.0</value>
<graphics/>
</inscription>
<arcpath id="000" x="445" y="174" curvePoint="false"/>
<arcpath id="001" x="476" y="296" curvePoint="false"/>
<arcpath id="002" x="339" y="350" curvePoint="false"/>
</arc>
<arc id="T2 to P3" source="T2" target="P3">
<arctype>
<value>N</value>
</arctype>
<showLabel>
<position1>0</position1>
<position2>0</position2>
<position3>0</position3>
</showLabel>
<graphics/>
<inscription>
<value>1.0</value>
<graphics/>
</inscription>
<arcpath id="000" x="721" y="261" curvePoint="false"/>
<arcpath id="001" x="823" y="184" curvePoint="false"/>
</arc>
<arc id="T3 to P4" source="T3" target="P4">
<arctype>
<value>N</value>
</arctype>
<showLabel>
<position1>0</position1>
<position2>0</position2>
<position3>0</position3>
</showLabel>
<graphics/>
<inscription>
<value>1.0</value>
<graphics/>
</inscription>
<arcpath id="000" x="950" y="271" curvePoint="false"/>
<arcpath id="001" x="846" y="375" curvePoint="false"/>
</arc>
<arc id="T4 to P5" source="T4" target="P5">
<arctype>
<value>N</value>
</arctype>
<showLabel>
<position1>0</position1>
<position2>0</position2>
<position3>0</position3>
</showLabel>
<graphics/>
<inscription>
<value>1.0</value>
<graphics/>
</inscription>
<arcpath id="000" x="211" y="531" curvePoint="false"/>
<arcpath id="001" x="315" y="426" curvePoint="false"/>
</arc>
<arc id="T5 to P2" source="T5" target="P2">
<arctype>
<value>N</value>
</arctype>
<showLabel>
<position1>0</position1>
<position2>1</position2>
<position3>0</position3>
</showLabel>
<graphics/>
<inscription>
<value>2.0</value>
<graphics>
<position x="514.0" y="423.5"/>
</graphics>
</inscription>
<arcpath id="000" x="446" y="521" curvePoint="false"/>
<arcpath id="001" x="585" y="281" curvePoint="false"/>
</arc>
<arc id="T5 to P6" source="T5" target="P6">
<arctype>
<value>N</value>
</arctype>
<showLabel>
<position1>0</position1>
<position2>0</position2>
<position3>0</position3>
</showLabel>
<graphics/>
<inscription>
<value>1.0</value>
<graphics/>
</inscription>
<arcpath id="000" x="440" y="544" curvePoint="false"/>
<arcpath id="001" x="338" y="617" curvePoint="false"/>
</arc>
<arc id="T5 to P7" source="T5" target="P7">
<arctype>
<value>N</value>
</arctype>
<showLabel>
<position1>0</position1>
<position2>0</position2>
<position3>0</position3>
</showLabel>
<graphics/>
<inscription>
<value>1.0</value>
<graphics/>
</inscription>
<arcpath id="000" x="446" y="521" curvePoint="false"/>
<arcpath id="001" x="476" y="356" curvePoint="false"/>
<arcpath id="002" x="341" y="356" curvePoint="false"/>
</arc>
</net>
</pnml>
